{
    "tables": [
        {
            "rows": [
                {
                    "september": "  Rent",
                    "october": "299,945",
                    "november": "304,291",
                    "december": "310,759",
                    "january": "310,759",
                    "february": "310,759",
                    "march": "310,759",
                    "april": "310,759",
                    "may": "310,807   310,807   311,193",
                    "june": "311,193",
                    "july": "311,388",
                    "august": "3,713,418"
                },
                {
                    "name": "  Utilities - CSM",
                    "september": "19,387",
                    "october": "19,387",
                    "november": "19,387",
                    "december": "19,387",
                    "january": "19,387",
                    "february": "19,387",
                    "march": "19,387",
                    "april": "19,387",
                    "may": "19,387",
                    "june": "19,387",
                    "july": "19,387",
                    "august": "19,387",
                    "yearToDate": "232,648"
                },
                {
                    "name": "  Miscellaneous",
                    "september": "0",
                    "october": "79",
                    "november": "120",
                    "december": "0",
                    "january": "0",
                    "february": "120",
                    "march": "0",
                    "april": "0",
                    "may": "120",
                    "june": "0",
                    "july": "0",
                    "august": "120",
                    "yearToDate": "560"
                }
            ]
        },
        {
            "rows": [
                {
                    "319333": "12,701",
                    "323757": "12,090",
                    "330146": "11,544",
                    "330147": "12,019",
                    "330266": "11,635",
                    "330267": "13,892",
                    "330580": "12,425",
                    "330895": "13,240",
                    "3946626": "12,101",
                    "name": "  Cleaning Services/Supplies",
                    "totalRentalIncome": "11,896",
                    "330195330315330580": "11,991"
                },
                {
                    "319333": "0",
                    "323757": "0",
                    "330146": "0",
                    "330147": "0",
                    "330266": "0",
                    "330267": "0",
                    "330580": "0",
                    "330895": "0",
                    "3946626": "0",
                    "name": "  Window Cleaning",
                    "totalRentalIncome": "0",
                    "330195330315330580": "2,300"
                },
                {
                    "319333": "414",
                    "323757": "331",
                    "330146": "382",
                    "330147": "478",
                    "330266": "331",
                    "330267": "382",
                    "330580": "415",
                    "330895": "524",
                    "3946626": "419",
                    "name": "  Mat Service",
                    "totalRentalIncome": "331",
                    "330195330315330580": "382"
                },
                {
                    "319333": "140",
                    "323757": "140",
                    "330146": "240",
                    "330147": "140",
                    "330266": "140",
                    "330267": "140",
                    "330580": "140",
                    "330895": "140",
                    "3946626": "140",
                    "name": "  Pest Control",
                    "totalRentalIncome": "140",
                    "330195330315330580": "140"
                },
                {
                    "319333": "1,311",
                    "323757": "1,302",
                    "330146": "1,287",
                    "330147": "1,303",
                    "330266": "1,310",
                    "330267": "1,301",
                    "330580": "1,331",
                    "330895": "1,323",
                    "3946626": "1,441",
                    "name": "  Trash Removal",
                    "totalRentalIncome": "1,268",
                    "330195330315330580": "1,324"
                },
                {
                    "319333": "126",
                    "323757": "0",
                    "330146": "663",
                    "330147": "O",
                    "330266": "2,068",
                    "330267": "0",
                    "330580": "O",
                    "330895": "0",
                    "3946626": "0",
                    "name": "  Snow Removal",
                    "totalRentalIncome": "0",
                    "330195330315330580": "0"
                },
                {
                    "319333": "385",
                    "323757": "0",
                    "330146": "0",
                    "330147": "1,383",
                    "330266": "0",
                    "330267": "933",
                    "330580": "465",
                    "330895": "415",
                    "3946626": "204",
                    "name": "  R & M Supplies",
                    "totalRentalIncome": "205",
                    "330195330315330580": "0"
                },
                {
                    "319333": "2,520",
                    "323757": "2,520",
                    "330146": "5,175",
                    "330147": "5,175",
                    "330266": "7,763",
                    "330267": "5,175",
                    "330580": "5,175",
                    "330895": "5,175",
                    "3946626": "5,175",
                    "name": "  Security Services",
                    "totalRentalIncome": "5,040",
                    "330195330315330580": "5,175"
                },
                {
                    "319333": "0",
                    "323757": "0",
                    "330146": "0",
                    "330147": "0",
                    "330266": "506",
                    "330267": "0",
                    "330580": "795",
                    "330895": "157",
                    "3946626": "0",
                    "name": "  Alarm Service",
                    "totalRentalIncome": "0",
                    "330195330315330580": "1,045"
                },
                {
                    "319333": "1,513",
                    "323757": "1,725",
                    "330146": "1,381",
                    "330147": "1,446",
                    "330266": "2,131",
                    "330267": "803",
                    "330580": "4,141",
                    "330895": "2,087",
                    "3946626": "8,603",
                    "name": "  Repairs 8 Maintenance",
                    "totalRentalIncome": "1,441",
                    "330195330315330580": "28,299"
                },
                {
                    "319333": "487",
                    "323757": "1,132",
                    "330146": "1,889",
                    "330147": "404",
                    "330266": "2,101",
                    "330267": "404",
                    "330580": "639",
                    "330895": "404",
                    "3946626": "404",
                    "name": "  Elevator Maintenance",
                    "totalRentalIncome": "685",
                    "330195330315330580": "404"
                },
                {
                    "319333": "135",
                    "323757": "280",
                    "330146": "0",
                    "330147": "401",
                    "330266": "1,795",
                    "330267": "549",
                    "330580": "0",
                    "330895": "0",
                    "3946626": "1,201",
                    "name": "  HVAC Maintenance",
                    "totalRentalIncome": "1,247",
                    "330195330315330580": "2,479"
                },
                {
                    "319333": "0",
                    "323757": "0",
                    "330146": "0",
                    "330147": "230",
                    "330266": "0",
                    "330267": "0",
                    "330580": "0",
                    "330895": "0",
                    "3946626": "0",
                    "name": "  Parking Lot Maintenance",
                    "totalRentalIncome": "0",
                    "330195330315330580": "950"
                },
                {
                    "319333": "0",
                    "323757": "145",
                    "330146": "0",
                    "330147": "0",
                    "330266": "0",
                    "330267": "0",
                    "330580": "0",
                    "330895": "0",
                    "3946626": "0",
                    "name": "  Roof Repairs & Maintenance",
                    "totalRentalIncome": "1,894",
                    "330195330315330580": "0"
                },
                {
                    "319333": "29,184",
                    "323757": "29,128",
                    "330146": "26,156",
                    "330147": "28,041",
                    "330266": "25,366",
                    "330267": "26,436",
                    "330580": "27,518",
                    "330895": "31,155",
                    "3946626": "31,805",
                    "name": "  Utilities - Electric",
                    "totalRentalIncome": "31,938",
                    "330195330315330580": "26,966"
                },
                {
                    "319333": "0",
                    "323757": "2,718",
                    "330146": "3,852",
                    "330147": "3,921",
                    "330266": "5,009",
                    "330267": "4,332",
                    "330580": "163",
                    "330895": "153",
                    "3946626": "152",
                    "name": "  Utilities - Gas",
                    "totalRentalIncome": "160",
                    "330195330315330580": "1,632"
                },
                {
                    "319333": "262",
                    "323757": "262",
                    "330146": "383",
                    "330147": "325",
                    "330266": "262",
                    "330267": "325",
                    "330580": "325",
                    "330895": "325",
                    "3946626": "328",
                    "name": "  Utilities - Telephone",
                    "totalRentalIncome": "262",
                    "330195330315330580": "325"
                },
                {
                    "319333": "0",
                    "323757": "5,023",
                    "330146": "3,616",
                    "330147": "0",
                    "330266": "2,231",
                    "330267": "0",
                    "330580": "0",
                    "330895": "0",
                    "3946626": "5,799",
                    "name": "  Utilities - Water 8 Sewer",
                    "totalRentalIncome": "0",
                    "330195330315330580": "4,100"
                },
                {
                    "319333": "2,915",
                    "323757": "2,915",
                    "330146": "2,915",
                    "330147": "2,915",
                    "330266": "3,239",
                    "330267": "2,915",
                    "330580": "2,915",
                    "330895": "2,915",
                    "3946626": "2,915",
                    "name": "  Rent - Land (Additional Parking)",
                    "totalRentalIncome": "2,915",
                    "330195330315330580": "2,915"
                },
                {
                    "319333": "3,602",
                    "323757": "(688)",
                    "330146": "2,017",
                    "330147": "2,017",
                    "330266": "3,602",
                    "330267": "2,017",
                    "330580": "2,017",
                    "330895": "2,017",
                    "3946626": "2,017",
                    "name": "  insurance Expense",
                    "totalRentalIncome": "1,801",
                    "330195330315330580": "2,017"
                },
                {
                    "319333": "0",
                    "323757": "0",
                    "330146": "2,070",
                    "330147": "0",
                    "330266": "37,521",
                    "330267": "0",
                    "330580": "0",
                    "330895": "0",
                    "3946626": "0",
                    "name": "  Professional Fees",
                    "totalRentalIncome": "O",
                    "330195330315330580": "1,488"
                },
                {
                    "319333": "0",
                    "323757": "0",
                    "330146": "0",
                    "330147": "452",
                    "330266": "0",
                    "330267": "0",
                    "330580": "0",
                    "330895": "719",
                    "3946626": "0",
                    "name": "  Permits, Licenses 8 Fees",
                    "totalRentalIncome": "150",
                    "330195330315330580": "736"
                },
                {
                    "319333": "55,697",
                    "323757": "59,023",
                    "330146": "63,570",
                    "330147": "60,649",
                    "330266": "107,011",
                    "330267": "59,606",
                    "330580": "58,462",
                    "330895": "60,748",
                    "3946626": "72,703",
                    "name": "Total Operating Expense",
                    "totalRentalIncome": "61,373",
                    "330195330315330580": "94,670"
                }
            ]
        },
        {
            "rows": [
                {
                    "223136": "82,869",
                    "254402": "82,566",
                    "257960": "83,767",
                    "258191": "81,029",
                    "266696": "82,262",
                    "268060": "83,469",
                    "270541": "81,956",
                    "271243": "79,741",
                    "3117368": "80,716",
                    "name": "  Interest Expense",
                    "netOperatingIncome": "84,063",
                    "269545235645": "81,649",
                    "272118269832": "81,339"
                },
                {
                    "223136": "O",
                    "254402": "0",
                    "257960": "0",
                    "258191": "0",
                    "266696": "0",
                    "268060": "0",
                    "270541": "0",
                    "271243": "475,596",
                    "3117368": "0",
                    "name": "  Real Estate Tax",
                    "netOperatingIncome": "0",
                    "269545235645": "0",
                    "272118269832": "O"
                },
                {
                    "223136": "44,000",
                    "254402": "44,000",
                    "257960": "44,800",
                    "258191": "44,000",
                    "266696": "44,200",
                    "268060": "44,800",
                    "270541": "44,000",
                    "271243": "44,800",
                    "3117368": "44,000",
                    "name": "  Depreciation Expense",
                    "netOperatingIncome": "44,800",
                    "269545235645": "44,000",
                    "272118269832": "44,200"
                },
                {
                    "223136": "1,300",
                    "254402": "1,300",
                    "257960": "1,300",
                    "258191": "1,300",
                    "266696": "1,300",
                    "268060": "1,300",
                    "270541": "1,300",
                    "271243": "1,300",
                    "3117368": "1,300",
                    "name": " Amortization Expense",
                    "netOperatingIncome": "1,300",
                    "269545235645": "1,300",
                    "272118269832": "1,300"
                },
                {
                    "223136": "O",
                    "254402": "0",
                    "257960": "0",
                    "258191": "0",
                    "266696": "0",
                    "268060": "0",
                    "270541": "0",
                    "271243": "20,000",
                    "3117368": "70,000",
                    "name": "  LegalFees",
                    "netOperatingIncome": "0",
                    "269545235645": "50,000",
                    "272118269832": "0"
                },
                {
                    "223136": "0",
                    "254402": "0",
                    "257960": "510",
                    "258191": "1,204",
                    "266696": "10",
                    "268060": "1,449",
                    "270541": "0",
                    "271243": "459",
                    "3117368": "3,633",
                    "name": " Administrative Expense",
                    "netOperatingIncome": "0",
                    "269545235645": "0",
                    "272118269832": "0"
                },
                {
                    "223136": "128,169",
                    "254402": "127,866",
                    "257960": "130,377",
                    "258191": "2,081,854",
                    "266696": "127,772",
                    "268060": "131,018",
                    "270541": "127,256   176,949",
                    "271243": "621,896",
                    "name": "Total Other Expense",
                    "netOperatingIncome": "130,163",
                    "269545235645": "126,839   127,533",
                    "272118269832": "126,016"
                }
            ]
        }
    ]
}
